INSERT INTO `peca`.`cinema` (`id`, `location`, `name`) VALUES ('1', 'Novi Sad', 'Arena');
INSERT INTO `peca`.`cinema` (`id`, `location`, `name`) VALUES ('2', 'Beograd', 'Zvezdara');
INSERT INTO `peca`.`cinema` (`id`, `location`, `name`) VALUES ('3', 'Nis', 'Cair');
INSERT INTO peca.user (id,email, role, password,name, surname,city,phonenumber, active, confirmationToken) VALUES (1,"jurke@gmail.com","admin", "si","d","n","ns","broj",1, "43");
INSERT INTO `peca`.`user` (`id`,`email`, `role`, `password`,`name`, `surname`, `city`,`phonenumber`, `active`, `confirmationToken`) VALUES ('2','nicic@gmail.com', 'admin', 'si','m','j','ns','broj', 0, '34');
INSERT INTO `peca`.`user` (`id`,`email`, `role`, `password`,`name`, `surname`, `city`,`phonenumber`, `active`, `confirmationToken`) VALUES ('3','stefan@gmail.com', 'admin', 'si','s','s','ns','broj',1, '45');
INSERT INTO `peca`.`user` (`id`,`email`, `role`, `password`,`name`, `surname`, `city`,`phonenumber`, `active`, `confirmationToken`) VALUES ('4','markivicius@hotmail.com', 'admin', 'nbu','wvwe','svg','ns','broj',1, '459');
INSERT INTO `peca`.`theatre` (`id`, `location`, `name`) VALUES ('1', 'Novi Sad', 'SNP');
INSERT INTO `peca`.`theatre` (`id`, `location`, `name`) VALUES ('2', 'Beograd', 'P.Mladih');
INSERT INTO `peca`.`theatre` (`id`, `location`, `name`) VALUES ('3', 'Nis', 'pozoristeNis');
INSERT INTO `peca`.`ad` (`id`, `name`, `description`,`date`, `image`,`user_id`) VALUES ('1', 'patike', 'prodajemPatike',NULL, 'slikapatika', '1');
INSERT INTO `peca`.`ad` (`id`, `name`, `description`,`date`, `image`,`user_id`) VALUES ('2', 'cipele', 'prodajemCipele',NULL, 'slikapatika', '1');
INSERT INTO `peca`.`ad` (`id`, `name`, `description`,`date`, `image`,`user_id`) VALUES ('3', 'kisobran', 'prodajemKisobran',NULL, 'slikapatika', '2');
INSERT INTO `peca`.`ad` (`id`, `name`, `description`,`date`, `image`,`user_id`) VALUES ('4', 'casa', 'prodajemCasu',NULL, 'slikapatika', '3');
INSERT INTO `peca`.`product` (`id`, `name`, `description`,`image`,`price`, `boxoffice`) VALUES ('1', 'dzemper', 'plaviDzemper','slikadzempera','100','srpskonarodno');
INSERT INTO `peca`.`product` (`id`, `name`, `description`,`image`,`price`, `boxoffice`) VALUES ('2', 'olovka', 'opisolovka','slikaolovka','200','p.mladih');
INSERT INTO `peca`.`product` (`id`, `name`, `description`,`image`,`price`, `boxoffice`) VALUES ('3', 'bicikl', 'biciklopis','slikbicikl','300','cair');
INSERT INTO `peca`.`offer` (`id`, `bid`, `ad_id`,`user_id`) VALUES ('1', '100','2','3');
INSERT INTO `peca`.`offer` (`id`, `bid`, `ad_id`,`user_id`) VALUES ('2', '50','2','1');
INSERT INTO `peca`.`offer` (`id`, `bid`, `ad_id`,`user_id`) VALUES ('3', '60','2','2');
INSERT INTO `peca`.`cinema_projection` (`name`, `actors`,`geners`, `director`,`runtime`, `poster`, `rating`,`storyline`) VALUES ('RockyBalboa', 'S.Stalone','action','Hickok','130', 'c:/images', '8.6','boks');
INSERT INTO `peca`.`theatre_projection` (`name`, `actors`,`geners`, `director`,`runtime`, `poster`, `rating`,`storyline`) VALUES ('RockyBalboa', 'S.Stalone','action','Hickok','130', 'c:/images', '8.6','boks');
INSERT INTO `peca`.`cinema_repertoar` (`id`, `cinema_id`) VALUES ('1', '2');
INSERT INTO `peca`.`cinema_projection` (`name`, `actors`,`geners`, `director`,`runtime`, `poster`, `rating`,`storyline`,`crepertoar`) VALUES ('Kengur', 'N.Glogovac','komedija','Momcilovic','120', 'c:/imagesK', '9.9','kengur','1');
INSERT INTO `peca`.`cinema_projection` (`name`, `actors`,`geners`, `director`,`runtime`, `poster`, `rating`,`storyline`,`crepertoar`) VALUES ('Maratonci', 'S.Stalone','action','wfwf','130', 'c:/images', '9.9','mmm','1');
INSERT INTO `peca`.`cinema_projection` (`name`, `actors`,`geners`, `director`,`runtime`, `poster`, `rating`,`storyline`,`crepertoar`) VALUES ('Ko to tamo peva', 'S.Stalone','action','rbrb','130', 'c:/images', '10.0','ko','1');
INSERT INTO `peca`.`cinema_projection` (`name`, `actors`,`geners`, `director`,`runtime`, `poster`, `rating`,`storyline`,`crepertoar`) VALUES ('Zikina dinastija', 'S.Stalone','action','rbt','130', 'c:/images', '9.9','zika','1');
INSERT INTO `peca`.`cinema_hall` (`id`, `name`, `cinema_id`) VALUES ('1', 'sala1','2');
INSERT INTO `peca`.`cinema_hall` (`id`, `name`, `cinema_id`) VALUES ('2', 'sala1','1');
INSERT INTO `peca`.`cinema_hall` (`id`, `name`, `cinema_id`) VALUES ('3', 'sala2','1');
INSERT INTO `peca`.`cinema_hall` (`id`, `name`, `cinema_id`) VALUES ('4', 'sala2','2');
INSERT INTO `peca`.`cinema_seat` (`id`, `cinemahall_id`, `row`, `seatnumber`,`segment`,`isfree`) VALUES ('1','1','1','1','VIP',1);
